Category,ASIN,Price,Web Hierarchy,,UPC,"_Title (Brand name then item title, total 120 characters, exclude final words like the and and do not end abruptly)","_Short_Description max 500 characters (Brand name, then full item title, then bullets of Technical Details",_Brand_Name (18 character max),_Seller_Image_URL (Seperated by |)
Electric Knives,B00004WKI3,48.98,Kitchen Knives,,8.02E+11,Cuisinart CEK-40C Electric Knife,"Cuisinart CEK-40C Electric Knife
•	Band- Cuisinart
•	Model Number- CEK40
•	Colour- Black/Natural",Cuisinart,https://images-na.ssl-images-amazon.com/images/I/719VuyhEdlL._SL1200_.jpg|https://images-na.ssl-images-amazon.com/images/I/51aRzFH2goL._SL1200_.jpg|https://images-na.ssl-images-amazon.com/images/I/71VCdEXacOL._SL1200_.jpg|https://images-na.ssl-images-amazon.com/images/I/71o2u9aZJ5L._SL1200_.jpg|https://images-na.ssl-images-amazon.com/images/I/71NOKEsdvBL._SL1200_.jpg|https://images-na.ssl-images-amazon.com/images/I/71PgjCKQHgL._SL1200_.jpg
Electric Knives,B06XPF6M8J,36.98,Kitchen Knives,,68459170064,"CUISINART CEK-30C Electric Knife, Black","CUISINART CEK-30C Electric Knife, Black
•	Brand- Cuisinart
•	Model Number- CEK-30C
•	Colour- Black",CUISINART,https://images-na.ssl-images-amazon.com/images/I/5197dSpBV4L._SL1200_.jpg|https://images-na.ssl-images-amazon.com/images/I/51OnIWsKOXL._SL1200_.jpg|https://images-na.ssl-images-amazon.com/images/I/51O4-cCyXTL._SL1200_.jpg|https://images-na.ssl-images-amazon.com/images/I/51or-dAWomL._SL1200_.jpg|https://images-na.ssl-images-amazon.com/images/I/51vdLyLBpkL._SL1200_.jpg
Electric Knives,B00065XWO0,31.44,Kitchen Knives,,,Hamilton-Beach Electric Carving Knife with Case - 74275RC,"Hamilton-Beach Electric Carving Knife with Case - 74275RC
•	Brand- Hamilton Beach
•	Model Number- 74275
•	Colour- Black",Hamilton Beach,
Electric Knives,B01K1JJAI2,32.57,Kitchen Knives,,,,,,
Electric Knives,B07F9XY5SV,21.98,Kitchen Knives,,,,,,
Electric Knives,B07DRM9YXL,39.99,Kitchen Knives,,,,,,
Electric Knives,B00F5EK3CG,82.05,Kitchen Knives,,,,,,
Electric Knives,B00GMH7UW6,46.37,Kitchen Knives,,,,,,
Electric Knives,B002DUCCDI,25,Kitchen Knives,,,,,,
Electric Knives,B001NXCFT2,79,Kitchen Knives,,,,,,
Electric Knives,B001NXC7S6,74.24,Kitchen Knives,,,,,,
Electric Knives,B002L9DHLW,24.66,Kitchen Knives,,,,,,
,,,,,,,,,
Knife Sharpeners,B07B9LZYY7,29.99,Knife Sharpeners,,,,,,
Knife Sharpeners,B008AF0Y80,80.62,Knife Sharpeners,,,,,,
Knife Sharpeners,B00006IUWM,50.73,Knife Sharpeners,,,,,,
Knife Sharpeners,B0039SLUI6,50.99,Knife Sharpeners,,,,,,
Knife Sharpeners,B07765Z1PN,66.17,Knife Sharpeners,,,,,,
Knife Sharpeners,B000TYBWJ0,89.99,Knife Sharpeners,,,,,,
Knife Sharpeners,B0017KS9Z0,33,Knife Sharpeners,,,,,,
Knife Sharpeners,B0759TR3BT,27.99,Knife Sharpeners,,,,,,
Knife Sharpeners,B01M7XVH5E,19.99,Knife Sharpeners,,,,,,
Knife Sharpeners,B07198FCHY,58.28,Knife Sharpeners,,,,,,
Knife Sharpeners,B00V5EKMZI,24.99,Knife Sharpeners,,,,,,
Knife Sharpeners,B007MHEYW4,65.36,Knife Sharpeners,,,,,,
Knife Sharpeners,B0039SLUHM,43.16,Knife Sharpeners,,,,,,
Knife Sharpeners,B00FRETBH2,53.99,Knife Sharpeners,,,,,,
Knife Sharpeners,B001CQTLJM,9.99,Knife Sharpeners,,,,,,
Knife Sharpeners,B004NOWRIW,39,Knife Sharpeners,,,,,,
Knife Sharpeners,B01FXK7XF6,28.99,Knife Sharpeners,,,,,,
,,,,,,,,,
Kitchen Knives - Individual Pieces,B072K2HDKS,54.99,Kitchen Knives,,,,,,
Kitchen Knives - Individual Pieces,B000638D32,44.99,Kitchen Knives,,,,,,
Kitchen Knives - Individual Pieces,B07DN4HLBG,23.26,Kitchen Knives,,,,,,
Kitchen Knives - Individual Pieces,B07M6F3H3N,24.99,Kitchen Knives,,,,,,
Kitchen Knives - Individual Pieces,B07BFV757Z,29.99,Kitchen Knives,,,,,,
Kitchen Knives - Individual Pieces,B07D58P41W,38.95,Kitchen Knives,,,,,,
Kitchen Knives - Individual Pieces,B01GL4C4WK,38.95,Kitchen Knives,,,,,,
Kitchen Knives - Individual Pieces,B07B53KDRB,143.24,Kitchen Knives,,,,,,
Kitchen Knives - Individual Pieces,B0768MNJJM,68.8,Kitchen Knives,,,,,,
Kitchen Knives - Individual Pieces,B07D9WGXWC,24.69,Kitchen Knives,,,,,,
Kitchen Knives - Individual Pieces,B07PVJK34F,29.99,Kitchen Knives,,,,,,
Kitchen Knives - Individual Pieces,B0019WQI04,36.4,Kitchen Knives,,,,,,
Kitchen Knives - Individual Pieces,B07CS9KX5Z,17.99,Kitchen Knives,,,,,,
Kitchen Knives - Individual Pieces,B0776VTTRD,119.95,Kitchen Knives,,,,,,
Kitchen Knives - Individual Pieces,B07FVJW6GZ,129.99,Kitchen Knives,,,,,,
Kitchen Knives - Individual Pieces,B07G73WCVS,119.99,Kitchen Knives,,,,,,
,,,,,,,,,
Kitchen Knife Sets,B01D8FN4CY,15.89,Kitchen Knife Sets,,,,,,
Kitchen Knife Sets,B005LRYP2Q,54.99,Kitchen Knife Sets,,,,,,
Kitchen Knife Sets,B01N4WVXS6,36.99,Kitchen Knife Sets,,,,,,
Kitchen Knife Sets,B00R3Z49G6,33,Kitchen Knife Sets,,,,,,
Kitchen Knife Sets,B00LLZYG1W,59.99,Kitchen Knife Sets,,,,,,
Kitchen Knife Sets,B07D3PFM83,41.99,Kitchen Knife Sets,,,,,,
Kitchen Knife Sets,B07D3PP33X,65.99,Kitchen Knife Sets,,,,,,
Kitchen Knife Sets,B07F7QCNKL,56.99,Kitchen Knife Sets,,,,,,
Kitchen Knife Sets,B005LRYQ2A,44.99,Kitchen Knife Sets,,,,,,
Kitchen Knife Sets,B01H5NLYZ4,83.38,Kitchen Knife Sets,,,,,,
Kitchen Knife Sets,B00R3Z46JQ,59,Kitchen Knife Sets,,,,,,
Kitchen Knife Sets,B07C285YKG,24.99,Kitchen Knife Sets,,,,,,
Kitchen Knife Sets,B00R3Z4CWC,27.42,Kitchen Knife Sets,,,,,,
Kitchen Knife Sets,B017DTFTCY,39.99,Kitchen Knife Sets,,,,,,
Kitchen Knife Sets,B071VQJDC3,79.95,Kitchen Knife Sets,,,,,,
Kitchen Knife Sets,B07JZ746V6,39.99,Kitchen Knife Sets,,,,,,
Kitchen Knife Sets,B007RWD11Y,51.99,Kitchen Knife Sets,,,,,,
Kitchen Knife Sets,B078HRF45S,30.99,Kitchen Knife Sets,,,,,,
Kitchen Knife Sets,B01LWYD17P,54,Kitchen Knife Sets,,,,,,
Kitchen Knife Sets,B07HY383VZ,27.99,Kitchen Knife Sets,,,,,,
Kitchen Knife Sets,B00LLZYGAS,22.98,Kitchen Knife Sets,,,,,,
Kitchen Knife Sets,B013HY0WZS,35.99,Kitchen Knife Sets,,,,,,
Kitchen Knife Sets,B01M7WZ910,24.95,Kitchen Knife Sets,,,,,,
,,,,,,,,,
Knife Storage,B016CPNK9E,24.99,Knife Blocks & Storage,,,,,,
Knife Storage,B07K2VPWYB,22.99,Knife Blocks & Storage,,,,,,
Knife Storage,B07K33G6LS,93.74,Knife Blocks & Storage,,,,,,
Knife Storage,B07HJ5Y5TP,22.99,Knife Blocks & Storage,,,,,,
Knife Storage,B01M4OE6M6,30.85,Knife Blocks & Storage,,,,,,
Knife Storage,B0721TPPZY,24.99,Knife Blocks & Storage,,,,,,
Knife Storage,B013SLOYT0,21.99,Knife Blocks & Storage,,,,,,
Knife Storage,B074X7T2JV,15.99,Knife Blocks & Storage,,,,,,
Knife Storage,B01A6VTINM,22.27,Knife Blocks & Storage,,,,,,
Knife Storage,B00V0EUBAO,20,Knife Blocks & Storage,,,,,,
Knife Storage,B00DHH0LRA,52.08,Knife Blocks & Storage,,,,,,
Knife Storage,B00W0WYWDW,40.58,Knife Blocks & Storage,,,,,,
Knife Storage,B07F8PYNSK,20.95,Knife Blocks & Storage,,,,,,
Knife Storage,B07KWPGQJS,29.99,Knife Blocks & Storage,,,,,,
Knife Storage,B07MMVKJ5J,69.99,Knife Blocks & Storage,,,,,,
Knife Storage,B073S5WYT3,19.88,Knife Blocks & Storage,,,,,,
Knife Storage,B00DHH0LX4,42.98,Knife Blocks & Storage,,,,,,
Knife Storage,B00OH881WU,52,Knife Blocks & Storage,,,,,,
Knife Storage,B01N4WVXS6,35.99,Knife Blocks & Storage,,,,,,
Knife Storage,B010VBHRQM,35.46,Knife Blocks & Storage,,,,,,
Knife Storage,B076HLYRM3,37.99,Knife Blocks & Storage,,,,,,
Knife Storage,B07H9FL4VG,240.27,Knife Blocks & Storage,,,,,,
Knife Storage,B01FGD7CFG,39.99,Knife Blocks & Storage,,,,,,
Knife Storage,B077GTRN8R,19.2,Knife Blocks & Storage,,,,,,
Knife Storage,B07H92HB7V,26.88,Knife Blocks & Storage,,,,,,
Knife Storage,B0009K94NU,130.24,Knife Blocks & Storage,,,,,,
,,,,,,,,,
Binding Machines,B079L4W8MX,59.99,Binding Machines,,,,,,
Binding Machines,B00OILZJW6,79.99,Binding Machines,,,,,,
Binding Machines,B002M7U04U,161.98,Binding Machines,,,,,,
Binding Machines,B00006IAS3,130.52,Binding Machines,,,,,,
Binding Machines,B002QKCD52,98.94,Binding Machines,,,,,,
Binding Machines,B01L6EEB5I,48.99,Binding Machines,,,,,,
Binding Machines,B008WJYMTQ,132.47,Binding Machines,,,,,,
,,,,,,,,,
Baby Toys,B0033UX0BU,74.99,Play Kitchens,,,,,,
Baby Toys,B001QXDIX6,69.86,Play Kitchens,,,,,,
Baby Toys,B0030HBVG2,149.99,Play Kitchens,,,,,,
Baby Toys,B0000BX8MA,24.52,Play Kitchens,,,,,,
Baby Toys,B00UMSW27O,107.6,Play Kitchens,,,,,,
Baby Toys,B07G93C4QF,26.99,Play Kitchens,,,,,,
Baby Toys,B07CTVZWH4,71.42,Play Kitchens,,,,,,
Baby Toys,B07P6YR2QZ,38.99,Play Kitchens,,,,,,
Baby Toys,B07J6PVHZ9,46.99,Play Kitchens,,,,,,
Baby Toys,B00XHPCTA4,149.93,Play Kitchens,,,,,,
Baby Toys,B07JLGZ8FV,39.99,Play Kitchens,,,,,,
Baby Toys,B00TYO6WHI,19.18,Play Kitchens,,,,,,
Baby Toys,B07L3V2RTB,19.99,Play Kitchens,,,,,,
Baby Toys,B01KO0REEA,24.99,Play Kitchens,,,,,,
Baby Toys,B01HL661FI,19.99,Play Kitchens,,,,,,
Baby Toys,B01B1UWB68,39.99,Play Kitchens,,,,,,
Baby Toys,B00JLGGH2Y,39.99,Play Kitchens,,,,,,
Baby Toys,B01N2TXRRG,39.98,Play Kitchens,,,,,,
Baby Toys,B07JJFKT2S,19.99,Play Kitchens,,,,,,
Baby Toys,B01N6U6C7F,25.94,Play Kitchens,,,,,,
Baby Toys,B01N6PR5D2,79.94,Play Kitchens,,,,,,
Baby Toys,B000062SRQ,58,Play Kitchens,,,,,,
Baby Toys,B01BLV3RX8,59.32,Play Kitchens,,,,,,
Baby Toys,B06XX7QCYN,39.95,Play Kitchens,,,,,,
Baby Toys,B07GBVYJ9S,32.98,Play Kitchens,,,,,,
Baby Toys,B06XCC9BYR,25.99,Play Kitchens,,,,,,
Baby Toys,B07GFDMVRK,89.97,Play Kitchens,,,,,,
Baby Toys,B01NBXZGVP,19.95,Play Kitchens,,,,,,
,,,,,,,,,
Baby Toys,B00272N8NA,26.64,Puppets,,,,,,
Baby Toys,B00U3GA97K,24.95,Puppets,,,,,,
Baby Toys,B00TO6FJYS,24.99,Puppets,,,,,,
Baby Toys,B000AD0ZCU,24.99,Puppets,,,,,,
Baby Toys,B071GPMY4J,24.99,Puppets,,,,,,
Baby Toys,B00ND5XYFM,46.48,Puppets,,,,,,
Baby Toys,B00272N8N0,32.52,Puppets,,,,,,
Baby Toys,B00Y8YOVJ0,22.96,Puppets,,,,,,
Baby Toys,B00TO6LBWW,23.99,Puppets,,,,,,
Baby Toys,B00272N8YO,26.99,Puppets,,,,,,
Baby Toys,B01MG81X27,19.94,Puppets,,,,,,
Baby Toys,B0029MKEOO,87.99,Puppets,,,,,,
Baby Toys,B071CQS8KN,14.99,Puppets,,,,,,
Baby Toys,B0006OIG4C,13,Puppets,,,,,,
Baby Toys,B0065D38I2,35.31,Puppets,,,,,,
Baby Toys,B01MD1ABXN,30.75,Puppets,,,,,,
Baby Toys,B004KPKWI6,32.43,Puppets,,,,,,
Baby Toys,B00KWI5YB0,26.99,Puppets,,,,,,
Baby Toys,B0136914L0,9.99,Puppets,,,,,,
Baby Toys,B0007QO7G0,47,Puppets,,,,,,
Baby Toys,B00272N8NK,37.91,Puppets,,,,,,
Baby Toys,B01B1UOQ1G,24.99,Puppets,,,,,,
Baby Toys,B0006TPCSA,26,Puppets,,,,,,
Baby Toys,B019FAUPT6,24.95,Puppets,,,,,,
Baby Toys,B001PJXGLA,13,Puppets,,,,,,
Baby Toys,B005YVN4QM,25.99,Puppets,,,,,,
Baby Toys,B00000K1XI,31.85,Puppets,,,,,,
Baby Toys,B00JBIY0MG,28.22,Puppets,,,,,,
Baby Toys,B00000MHKY,37.23,Puppets,,,,,,
Baby Toys,B003ZK9436,13,Puppets,,,,,,
Baby Toys,B002DWAVP2,25.85,Puppets,,,,,,
Baby Toys,B0026ZPSV8,24.99,Puppets,,,,,,
Baby Toys,B019FAUI3O,24.99,Puppets,,,,,,
Baby Toys,B004FRXQ0K,103.99,Puppets,,,,,,
Baby Toys,B0006OGHVG,36.13,Puppets,,,,,,
Baby Toys,B0026ZPSK4,37.19,Puppets,,,,,,
Baby Toys,B00KWHCBI0,22.84,Puppets,,,,,,
Baby Toys,B0168A5S7K,24.99,Puppets,,,,,,
Baby Toys,B000AD5AXY,26.94,Puppets,,,,,,
Baby Toys,B00000PQHL,29.99,Puppets,,,,,,
Baby Toys,B001M5LF6U,18,Puppets,,,,,,
Baby Toys,B07997DLK2,29.68,Puppets,,,,,,
Baby Toys,B075NV8YBK,4.74,Puppets,,,,,,
Baby Toys,B00000K5F9,39.93,Puppets,,,,,,
Baby Toys,B01HNTGF40,14.99,Puppets,,,,,,
,,,,,,,,,
Baby Toys,B079NSRCR9,79.99,Playmats,,,,,,
Baby Toys,B016PGOXI2,27.13,Playmats,,,,,,
Baby Toys,B00SHYJ0G6,79.99,Playmats,,,,,,
Baby Toys,B00BINDZ7I,33.99,Playmats,,,,,,
Baby Toys,B009FT2I2A,45.99,Playmats,,,,,,
Baby Toys,B01MSZ54VH,18.47,Playmats,,,,,,
Baby Toys,B005V09DXY,33.99,Playmats,,,,,,
Baby Toys,B01MS92ROR,84.99,Playmats,,,,,,
Baby Toys,B003ZYEDDS,39.99,Playmats,,,,,,
Baby Toys,B071KLHBM8,29.99,Playmats,,,,,,
Baby Toys,B01G1JQXMW,93.49,Playmats,,,,,,
Baby Toys,B00MYRXO4G,34.99,Playmats,,,,,,
Baby Toys,B00P9FJVAG,23.55,Playmats,,,,,,
Baby Toys,B017B69PTW,57,Playmats,,,,,,
Baby Toys,B0734RXHGK,79.97,Playmats,,,,,,
Baby Toys,B0783RVL45,36.47,Playmats,,,,,,
Baby Toys,B0752C6XMS,38.99,Playmats,,,,,,
Baby Toys,B076LRNSYQ,24.99,Playmats,,,,,,
Baby Toys,B01N6QF8R8,45.99,Playmats,,,,,,
Baby Toys,B077SQ899K,55.99,Playmats,,,,,,
Baby Toys,B0744WHQY1,89.99,Playmats,,,,,,
Baby Toys,B01N9R8WZR,51.59,Playmats,,,,,,
Baby Toys,B0774DFQYT,23.99,Playmats,,,,,,
Baby Toys,B0771K9TFM,79.97,Playmats,,,,,,
Baby Toys,B07B3N4Q9Q,34.99,Playmats,,,,,,
Baby Toys,B073R2FBWY,51.99,Playmats,,,,,,
Baby Toys,B077MH6KH4,29.99,Playmats,,,,,,
Baby Toys,B072NDKYGN,39.99,Playmats,,,,,,
Baby Toys,B0728P8NXL,89.99,Playmats,,,,,,
Baby Toys,B004075284,50.99,Playmats,,,,,,
Baby Toys,B071RD3PPD,58.99,Playmats,,,,,,
,,,,,,,,,
"Figurines, Dolls & Plush Toys",B011EI9RJG,102.99,Dolls & Dollhouses,,,,,,
"Figurines, Dolls & Plush Toys",B0117QBSDS,54.59,Dolls & Dollhouses,,,,,,
"Figurines, Dolls & Plush Toys",B00J1XE7B0,24.95,Dolls & Dollhouses,,,,,,
"Figurines, Dolls & Plush Toys",B000067BID,65.01,Dolls & Dollhouses,,,,,,
"Figurines, Dolls & Plush Toys",B004CT5GOU,169.99,Dolls & Dollhouses,,,,,,
"Figurines, Dolls & Plush Toys",B00HWHNVYQ,159.99,Dolls & Dollhouses,,,,,,
"Figurines, Dolls & Plush Toys",B07DR11T6S,54.99,Dolls & Dollhouses,,,,,,
"Figurines, Dolls & Plush Toys",B00FAN8AFO,169.99,Dolls & Dollhouses,,,,,,
"Figurines, Dolls & Plush Toys",B002BH3KMA,19.99,Dolls & Dollhouses,,,,,,
"Figurines, Dolls & Plush Toys",B00713P9SC,22.09,Dolls & Dollhouses,,,,,,
"Figurines, Dolls & Plush Toys",B07DVVXHBD,73.99,Dolls & Dollhouses,,,,,,
"Figurines, Dolls & Plush Toys",B07G9HTCGF,34.99,Dolls & Dollhouses,,,,,,
"Figurines, Dolls & Plush Toys",B002BIOP9G,59.99,Dolls & Dollhouses,,,,,,
"Figurines, Dolls & Plush Toys",B074QSXRWQ,18.99,Dolls & Dollhouses,,,,,,
"Figurines, Dolls & Plush Toys",B006WZO7HE,26,Dolls & Dollhouses,,,,,,
"Figurines, Dolls & Plush Toys",B002GB65GO,29.99,Dolls & Dollhouses,,,,,,
"Figurines, Dolls & Plush Toys",B00712NSTA,26,Dolls & Dollhouses,,,,,,
"Figurines, Dolls & Plush Toys",B00712O3XU,23.56,Dolls & Dollhouses,,,,,,
"Figurines, Dolls & Plush Toys",B07FB7Q8YH,54.99,Dolls & Dollhouses,,,,,,
"Figurines, Dolls & Plush Toys",B0071BFMDQ,22.5,Dolls & Dollhouses,,,,,,
"Figurines, Dolls & Plush Toys",B076ZPYRHX,49,Dolls & Dollhouses,,,,,,
"Figurines, Dolls & Plush Toys",B078V76RKH,28.99,Dolls & Dollhouses,,,,,,
"Figurines, Dolls & Plush Toys",B077XMW368,24.99,Dolls & Dollhouses,,,,,,
"Figurines, Dolls & Plush Toys",B00712O4XE,26,Dolls & Dollhouses,,,,,,
"Figurines, Dolls & Plush Toys",B00IWPKC4Y,138.42,Dolls & Dollhouses,,,,,,
"Figurines, Dolls & Plush Toys",B071JNK4V2,150.99,Dolls & Dollhouses,,,,,,
"Figurines, Dolls & Plush Toys",B00712O4H0,26,Dolls & Dollhouses,,,,,,
"Figurines, Dolls & Plush Toys",B00712O4MU,25.9,Dolls & Dollhouses,,,,,,
"Figurines, Dolls & Plush Toys",B00BHK9Q3Y,113.94,Dolls & Dollhouses,,,,,,
"Figurines, Dolls & Plush Toys",B002GBLUIC,29.99,Dolls & Dollhouses,,,,,,
"Figurines, Dolls & Plush Toys",B003ADVR3S,109.99,Dolls & Dollhouses,,,,,,
"Figurines, Dolls & Plush Toys",B00CCJAWTG,28.55,Dolls & Dollhouses,,,,,,
"Figurines, Dolls & Plush Toys",B01F1T1L9I,144.96,Dolls & Dollhouses,,,,,,
"Figurines, Dolls & Plush Toys",B075GDMBWQ,41.97,Dolls & Dollhouses,,,,,,
"Figurines, Dolls & Plush Toys",B0071BFM36,26.78,Dolls & Dollhouses,,,,,,
"Figurines, Dolls & Plush Toys",B0077QT4VG,49.99,Dolls & Dollhouses,,,,,,
"Figurines, Dolls & Plush Toys",B00HWHO2IU,22.99,Dolls & Dollhouses,,,,,,
"Figurines, Dolls & Plush Toys",B0749KYK62,32.99,Dolls & Dollhouses,,,,,,
"Figurines, Dolls & Plush Toys",B075XNVGHZ,22.99,Dolls & Dollhouses,,,,,,
"Figurines, Dolls & Plush Toys",B076LM4Q3R,17.99,Dolls & Dollhouses,,,,,,
"Figurines, Dolls & Plush Toys",B0013A5UCE,25.99,Dolls & Dollhouses,,,,,,
"Figurines, Dolls & Plush Toys",B078V4PNZQ,19.99,Dolls & Dollhouses,,,,,,
"Figurines, Dolls & Plush Toys",B0026ZPSHC,39.99,Dolls & Dollhouses,,,,,,
"Figurines, Dolls & Plush Toys",B007827L6Y,39.55,Dolls & Dollhouses,,,,,,
"Figurines, Dolls & Plush Toys",B0026ZPSGS,39.99,Dolls & Dollhouses,,,,,,
"Figurines, Dolls & Plush Toys",B006WZO5AI,147.43,Dolls & Dollhouses,,,,,,
,,,,,,,,,
"Figurines, Dolls & Plush Toys",B079Z72GRS,44.54,Action Figures,,,,,,
"Figurines, Dolls & Plush Toys",B01CYZ1V56,99.99,Action Figures,,,,,,
"Figurines, Dolls & Plush Toys",B07JHBPWVS,23.99,Action Figures,,,,,,
"Figurines, Dolls & Plush Toys",B071WT3JKN,9.97,Action Figures,,,,,,
"Figurines, Dolls & Plush Toys",B07MFHMN5H,65.95,Action Figures,,,,,,
"Figurines, Dolls & Plush Toys",B072QXDMPV,9.99,Action Figures,,,,,,
"Figurines, Dolls & Plush Toys",B00B6L31Q2,29.99,Action Figures,,,,,,
"Figurines, Dolls & Plush Toys",B01EARLEX0,35.11,Action Figures,,,,,,
"Figurines, Dolls & Plush Toys",B072QN7GQ6,23.51,Action Figures,,,,,,
"Figurines, Dolls & Plush Toys",B076JGHZHX,29.99,Action Figures,,,,,,
"Figurines, Dolls & Plush Toys",B07JQ9BBJ8,29.94,Action Figures,,,,,,
"Figurines, Dolls & Plush Toys",B07HSKSN2Z,24.99,Action Figures,,,,,,
"Figurines, Dolls & Plush Toys",B013OOJDGA,30.99,Action Figures,,,,,,
"Figurines, Dolls & Plush Toys",B07L9Y8GH3,13.4,Action Figures,,,,,,
"Figurines, Dolls & Plush Toys",B0757N3WFH,20.61,Action Figures,,,,,,
"Figurines, Dolls & Plush Toys",B07NGRJ68Q,42.23,Action Figures,,,,,,
"Figurines, Dolls & Plush Toys",B003H3B4BG,33.09,Action Figures,,,,,,
"Figurines, Dolls & Plush Toys",B07KPQLLG4,24.97,Action Figures,,,,,,
"Figurines, Dolls & Plush Toys",B01ASVD00M,25.94,Action Figures,,,,,,
"Figurines, Dolls & Plush Toys",B075NJ6YSH,12.98,Action Figures,,,,,,
"Figurines, Dolls & Plush Toys",B071G935WP,57.08,Action Figures,,,,,,
"Figurines, Dolls & Plush Toys",B072MPBT4K,17,Action Figures,,,,,,
"Figurines, Dolls & Plush Toys",B07PN75VCV,59.97,Action Figures,,,,,,
"Figurines, Dolls & Plush Toys",B014AHKWME,26,Action Figures,,,,,,
"Figurines, Dolls & Plush Toys",B074JGVMMQ,33.11,Action Figures,,,,,,
"Figurines, Dolls & Plush Toys",B078W399CS,12.97,Action Figures,,,,,,
"Figurines, Dolls & Plush Toys",B07HSG5DDD,24.99,Action Figures,,,,,,
"Figurines, Dolls & Plush Toys",B01G77XELQ,16.63,Action Figures,,,,,,
"Figurines, Dolls & Plush Toys",B002FCK5O2,24.99,Action Figures,,,,,,
"Figurines, Dolls & Plush Toys",B07FQ9HQ9N,29.99,Action Figures,,,,,,
"Figurines, Dolls & Plush Toys",B079KP7DLZ,12.29,Action Figures,,,,,,
"Figurines, Dolls & Plush Toys",B00HZSMWMY,15.66,Action Figures,,,,,,
"Figurines, Dolls & Plush Toys",B01ISY5ITC,23.23,Action Figures,,,,,,
"Figurines, Dolls & Plush Toys",B07F6WRVVP,24.97,Action Figures,,,,,,
"Figurines, Dolls & Plush Toys",B00KBHVSTY,22.95,Action Figures,,,,,,
"Figurines, Dolls & Plush Toys",B00TP016G8,14.79,Action Figures,,,,,,
"Figurines, Dolls & Plush Toys",B07B3MD643,69.99,Action Figures,,,,,,
"Figurines, Dolls & Plush Toys",B071JPBS98,28.05,Action Figures,,,,,,
"Figurines, Dolls & Plush Toys",B07DK2R36W,31.76,Action Figures,,,,,,
"Figurines, Dolls & Plush Toys",B06XK7669F,20.51,Action Figures,,,,,,
"Figurines, Dolls & Plush Toys",B01ISY93KM,25.99,Action Figures,,,,,,
"Figurines, Dolls & Plush Toys",B0056ZYRGW,10.99,Action Figures,,,,,,
"Figurines, Dolls & Plush Toys",B07GSTDWTD,14.97,Action Figures,,,,,,
"Figurines, Dolls & Plush Toys",B07C2NKVDL,31.75,Action Figures,,,,,,
"Figurines, Dolls & Plush Toys",B07KGT9D4R,26.82,Action Figures,,,,,,
"Figurines, Dolls & Plush Toys",B074WB5J8X,19.33,Action Figures,,,,,,
"Figurines, Dolls & Plush Toys",B0009UBS2K,32,Action Figures,,,,,,
"Figurines, Dolls & Plush Toys",B07GZWBNFP,31.88,Action Figures,,,,,,
"Figurines, Dolls & Plush Toys",B01IH4VWH0,19.85,Action Figures,,,,,,
"Figurines, Dolls & Plush Toys",B01N33J0U3,16.42,Action Figures,,,,,,
"Figurines, Dolls & Plush Toys",B076DPSZ8L,34.99,Action Figures,,,,,,
"Figurines, Dolls & Plush Toys",B071WT4P99,34.99,Action Figures,,,,,,
"Figurines, Dolls & Plush Toys",B079KFRCLM,33.1,Action Figures,,,,,,
"Figurines, Dolls & Plush Toys",B078W8QF6J,32.99,Action Figures,,,,,,
"Figurines, Dolls & Plush Toys",B0721KY9PN,21.58,Action Figures,,,,,,
"Figurines, Dolls & Plush Toys",B0795M87M9,18.2,Action Figures,,,,,,
"Figurines, Dolls & Plush Toys",B07599YQJD,14.06,Action Figures,,,,,,
"Figurines, Dolls & Plush Toys",B07F71B6QS,24.97,Action Figures,,,,,,
"Figurines, Dolls & Plush Toys",B01BFLZ9B2,31.48,Action Figures,,,,,,
"Figurines, Dolls & Plush Toys",B01N8PWIEA,8.89,Action Figures,,,,,,
"Figurines, Dolls & Plush Toys",B071GKQX5F,10.97,Action Figures,,,,,,
"Figurines, Dolls & Plush Toys",B01LY06WAN,21.54,Action Figures,,,,,,
"Figurines, Dolls & Plush Toys",B07D8CSCQR,17.97,Action Figures,,,,,,
"Figurines, Dolls & Plush Toys",B07K7YMQXX,39.95,Action Figures,,,,,,
"Figurines, Dolls & Plush Toys",B074VB1VVH,25.59,Action Figures,,,,,,
"Figurines, Dolls & Plush Toys",B01IHFCNUO,14.58,Action Figures,,,,,,
"Figurines, Dolls & Plush Toys",B07DKZC7DN,69.99,Action Figures,,,,,,
"Figurines, Dolls & Plush Toys",B01CKH0XQ6,38.48,Action Figures,,,,,,
,,,,,,,,,
Baby Toys,B07M9YDK7Y,18.99,Toy Cars & Other Vehicles,,,,,,
Baby Toys,B07KKBF25F,55,Toy Cars & Other Vehicles,,,,,,
Baby Toys,B075YPVNGG,21.99,Toy Cars & Other Vehicles,,,,,,
Baby Toys,B000B6MKMO,17.99,Toy Cars & Other Vehicles,,,,,,
Baby Toys,B00EX5K1GG,29.95,Toy Cars & Other Vehicles,,,,,,
Baby Toys,B0007R4J30,29.95,Toy Cars & Other Vehicles,,,,,,
Baby Toys,B07G14YJC4,23.98,Toy Cars & Other Vehicles,,,,,,
Baby Toys,B00J1XE1T8,19.95,Toy Cars & Other Vehicles,,,,,,
Baby Toys,B01MUC9GPU,17.98,Toy Cars & Other Vehicles,,,,,,
Baby Toys,B00CL2H1U2,6.97,Toy Cars & Other Vehicles,,,,,,
Baby Toys,B01L630XGA,29.95,Toy Cars & Other Vehicles,,,,,,
Baby Toys,B0789FPVMP,8.99,Toy Cars & Other Vehicles,,,,,,
Baby Toys,B07H3P9YNH,24.99,Toy Cars & Other Vehicles,,,,,,
Baby Toys,B01KGGSXFQ,18.41,Toy Cars & Other Vehicles,,,,,,
Baby Toys,B07B2K7C3V,27.99,Toy Cars & Other Vehicles,,,,,,
Baby Toys,B01N6SODJB,27.99,Toy Cars & Other Vehicles,,,,,,
Baby Toys,B0080AHHBM,29.95,Toy Cars & Other Vehicles,,,,,,
Baby Toys,B01NCJN8MV,19.99,Toy Cars & Other Vehicles,,,,,,
Baby Toys,B075X49Y8L,39.99,Toy Cars & Other Vehicles,,,,,,
Baby Toys,B07DW89FTM,24.99,Toy Cars & Other Vehicles,,,,,,
Baby Toys,B071CMF79H,19.99,Toy Cars & Other Vehicles,,,,,,
Baby Toys,B01FDN3QIG,16.89,Toy Cars & Other Vehicles,,,,,,
Baby Toys,B00BN6QAVI,11.77,Toy Cars & Other Vehicles,,,,,,
Baby Toys,B000BNCA4K,16.14,Toy Cars & Other Vehicles,,,,,,
Baby Toys,B00N3HL6F0,23.99,Toy Cars & Other Vehicles,,,,,,
Baby Toys,B071ZBH6KZ,19.98,Toy Cars & Other Vehicles,,,,,,
Baby Toys,B06WLLMXF8,27.89,Toy Cars & Other Vehicles,,,,,,
Baby Toys,B01N6NYQ0K,25.98,Toy Cars & Other Vehicles,,,,,,
Baby Toys,B01MA60NN9,12.95,Toy Cars & Other Vehicles,,,,,,
Baby Toys,B004HKQI9G,119.95,Toy Cars & Other Vehicles,,,,,,
Baby Toys,B01IKOYZW6,25.99,Toy Cars & Other Vehicles,,,,,,
Baby Toys,B07475H223,28.99,Toy Cars & Other Vehicles,,,,,,
Baby Toys,B01K1JJJ2Y,89.93,Toy Cars & Other Vehicles,,,,,,
Baby Toys,B07L3CGMT7,29.99,Toy Cars & Other Vehicles,,,,,,
Baby Toys,B077Q6L9JQ,22.99,Toy Cars & Other Vehicles,,,,,,
Baby Toys,B019FAUIVQ,29.99,Toy Cars & Other Vehicles,,,,,,
Baby Toys,B003WMC6U0,33.99,Toy Cars & Other Vehicles,,,,,,
Baby Toys,B07BSDSJJY,21.99,Toy Cars & Other Vehicles,,,,,,
Baby Toys,B07GR65HWY,36.99,Toy Cars & Other Vehicles,,,,,,
Baby Toys,B0744GZJXB,30.99,Toy Cars & Other Vehicles,,,,,,
Baby Toys,B002IMMDN0,29,Toy Cars & Other Vehicles,,,,,,
Baby Toys,B015L9OCBC,16.49,Toy Cars & Other Vehicles,,,,,,
Baby Toys,B00FHI84GM,10,Toy Cars & Other Vehicles,,,,,,
Baby Toys,B01HFGY426,19.99,Toy Cars & Other Vehicles,,,,,,
Baby Toys,B079DF63B4,24.99,Toy Cars & Other Vehicles,,,,,,
Baby Toys,B07NRLYZMX,36.99,Toy Cars & Other Vehicles,,,,,,
Baby Toys,B07MM92VM5,10.99,Toy Cars & Other Vehicles,,,,,,
Baby Toys,B07K7KMLHJ,30.99,Toy Cars & Other Vehicles,,,,,,
Baby Toys,B01N41M0N3,27.97,Toy Cars & Other Vehicles,,,,,,
Baby Toys,B07MY88KRR,14.98,Toy Cars & Other Vehicles,,,,,,
Baby Toys,B00R5MPDQM,19.94,Toy Cars & Other Vehicles,,,,,,
Baby Toys,B07F58Z3R5,29.98,Toy Cars & Other Vehicles,,,,,,
Baby Toys,B017PE6C3C,9.99,Toy Cars & Other Vehicles,,,,,,
Baby Toys,B07DJ4NY2Y,34,Toy Cars & Other Vehicles,,,,,,
Baby Toys,B06XK21JTY,9.99,Toy Cars & Other Vehicles,,,,,,
Baby Toys,B004K6KM9E,8,Toy Cars & Other Vehicles,,,,,,
Baby Toys,B01JMYPFUE,7.33,Toy Cars & Other Vehicles,,,,,,
Baby Toys,B071CLQYT4,24.99,Toy Cars & Other Vehicles,,,,,,
Baby Toys,B07CZCBZ8W,15.99,Toy Cars & Other Vehicles,,,,,,
Baby Toys,B00000JS5S,19,Toy Cars & Other Vehicles,,,,,,
Baby Toys,B07MBCB9TW,52.55,Toy Cars & Other Vehicles,,,,,,
Baby Toys,B01N95286G,27.97,Toy Cars & Other Vehicles,,,,,,
Baby Toys,B01IKOYVKW,32.95,Toy Cars & Other Vehicles,,,,,,
Baby Toys,B004KPKWKY,22.99,Toy Cars & Other Vehicles,,,,,,
Baby Toys,B001Q3KU9Q,32.99,Toy Cars & Other Vehicles,,,,,,
Baby Toys,B07Q21JMKV,28.99,Toy Cars & Other Vehicles,,,,,,
Baby Toys,B07NVBQH1R,19.99,Toy Cars & Other Vehicles,,,,,,
Baby Toys,B07BF27RP1,19.44,Toy Cars & Other Vehicles,,,,,,
Baby Toys,B07JKP79B6,22.59,Toy Cars & Other Vehicles,,,,,,
Baby Toys,B076N5BZHG,9.97,Toy Cars & Other Vehicles,,,,,,
Baby Toys,B075QRYDF4,24.86,Toy Cars & Other Vehicles,,,,,,
Baby Toys,B075LTB4GR,17.99,Toy Cars & Other Vehicles,,,,,,
,,,,,,,,,
Baby Toys,B074TCJMQW,46.55,Learning & Educational Toys,,,,,,
Baby Toys,B07PJRBKWR,32.99,Learning & Educational Toys,,,,,,
Baby Toys,B07G45ZCCH,34.98,Learning & Educational Toys,,,,,,
Baby Toys,B0164WC4RY,39.99,Learning & Educational Toys,,,,,,
Baby Toys,B07C3QZPKC,22.99,Learning & Educational Toys,,,,,,
Baby Toys,B07KF7SQXY,20.99,Learning & Educational Toys,,,,,,
Baby Toys,B07M6XCS3D,19.99,Learning & Educational Toys,,,,,,
Baby Toys,B073JTRVM4,22.99,Learning & Educational Toys,,,,,,
Baby Toys,B07FSHZWB4,15.59,Learning & Educational Toys,,,,,,
Baby Toys,B07PVFR9V2,19.99,Learning & Educational Toys,,,,,,
Baby Toys,B07PPPB7CQ,46.99,Learning & Educational Toys,,,,,,
Baby Toys,B07DJP3SKJ,19.94,Learning & Educational Toys,,,,,,
Baby Toys,B00012O42W,37.55,Learning & Educational Toys,,,,,,
Baby Toys,B06XCC9BYR,25.99,Learning & Educational Toys,,,,,,
Baby Toys,B07HG2W8YC,18.99,Learning & Educational Toys,,,,,,
Baby Toys,B01GXTGKVO,39.99,Learning & Educational Toys,,,,,,
Baby Toys,B07DK9JH1G,27.59,Learning & Educational Toys,,,,,,
Baby Toys,B075JB3N48,34.98,Learning & Educational Toys,,,,,,
Baby Toys,B07KP5XBYG,11.99,Learning & Educational Toys,,,,,,
Baby Toys,B07KK9WRDS,25.09,Learning & Educational Toys,,,,,,
Baby Toys,B06XB3RJYZ,24.99,Learning & Educational Toys,,,,,,
Baby Toys,B01NCVR8QV,39.99,Learning & Educational Toys,,,,,,
Baby Toys,B075LFR5KZ,39.98,Learning & Educational Toys,,,,,,
Baby Toys,B0772WLGQC,59.99,Learning & Educational Toys,,,,,,
Baby Toys,B074V4VF19,39.96,Learning & Educational Toys,,,,,,
Baby Toys,B072QXV666,89.99,Learning & Educational Toys,,,,,,
Baby Toys,B06XBKM872,34.99,Learning & Educational Toys,,,,,,
Baby Toys,B07JFV7LRK,32.99,Learning & Educational Toys,,,,,,
Baby Toys,B01CIHHVXQ,64.99,Learning & Educational Toys,,,,,,
Baby Toys,B06X6DJFJZ,19.98,Learning & Educational Toys,,,,,,
Baby Toys,B01N5Q6V4N,23.99,Learning & Educational Toys,,,,,,
Baby Toys,B00486ZVC4,24.95,Learning & Educational Toys,,,,,,
Baby Toys,B06XBW95P2,37.99,Learning & Educational Toys,,,,,,
Baby Toys,B01N23WTR8,34.98,Learning & Educational Toys,,,,,,
Baby Toys,B075749W7Z,39.99,Learning & Educational Toys,,,,,,
Baby Toys,B06X41TXX3,14.99,Learning & Educational Toys,,,,,,
Baby Toys,B06WLMCG8M,39.99,Learning & Educational Toys,,,,,,
Baby Toys,B07L3Q2D49,27.98,Learning & Educational Toys,,,,,,
Baby Toys,B071LJHZKG,49.99,Learning & Educational Toys,,,,,,
Baby Toys,B07L3NYY1P,14.97,Learning & Educational Toys,,,,,,
Baby Toys,B0797TZ7MD,33.99,Learning & Educational Toys,,,,,,
Baby Toys,B00272N8Q2,9.95,Learning & Educational Toys,,,,,,
Baby Toys,B00005O63Q,24.99,Learning & Educational Toys,,,,,,
Baby Toys,B00HWHNZTC,14.95,Learning & Educational Toys,,,,,,
Baby Toys,B010FMLFSS,39.97,Learning & Educational Toys,,,,,,
Baby Toys,B000V98HCI,7.99,Learning & Educational Toys,,,,,,
Baby Toys,B07KG1YN3F,32.96,Learning & Educational Toys,,,,,,
Baby Toys,B07GL331T7,27.99,Learning & Educational Toys,,,,,,
Baby Toys,B07JZ6BX96,18.99,Learning & Educational Toys,,,,,,
Baby Toys,B07FVMM6J4,34.99,Learning & Educational Toys,,,,,,
Baby Toys,B01KMUUQVK,24.86,Learning & Educational Toys,,,,,,
Baby Toys,B07HKGX4V6,64.99,Learning & Educational Toys,,,,,,
Baby Toys,B071F2VPSS,29.99,Learning & Educational Toys,,,,,,
Baby Toys,B00ATWSRG8,24.95,Learning & Educational Toys,,,,,,
Baby Toys,B07GRK33M5,14.99,Learning & Educational Toys,,,,,,
Baby Toys,B00K89KFX0,23.99,Learning & Educational Toys,,,,,,
Baby Toys,B00005RF5G,14.99,Learning & Educational Toys,,,,,,
Baby Toys,B00H56I05O,29.95,Learning & Educational Toys,,,,,,
Baby Toys,B000EMPK2W,24.99,Learning & Educational Toys,,,,,,
Baby Toys,B01AXAMLGW,44.99,Learning & Educational Toys,,,,,,
Baby Toys,B07F8SSM8X,37.99,Learning & Educational Toys,,,,,,
Baby Toys,B0796PR2RN,15.99,Learning & Educational Toys,,,,,,
Baby Toys,B07H74G2FT,34.99,Learning & Educational Toys,,,,,,
Baby Toys,B072M5CLW6,24.96,Learning & Educational Toys,,,,,,
Baby Toys,B01GJJH580,24.97,Learning & Educational Toys,,,,,,
Baby Toys,B071XC5R9L,29.95,Learning & Educational Toys,,,,,,
Baby Toys,B07BNWBY7Y,168.99,Learning & Educational Toys,,,,,,
Baby Toys,B000MEB5LM,22.39,Learning & Educational Toys,,,,,,
Baby Toys,B01N6HYJVF,32.99,Learning & Educational Toys,,,,,,
Baby Toys,B01IHFAQEY,39.99,Learning & Educational Toys,,,,,,
Baby Toys,B00068Q7LC,15.99,Learning & Educational Toys,,,,,,
Baby Toys,B07PKB8KCS,24.99,Learning & Educational Toys,,,,,,
Baby Toys,B076BPZ3ZH,29.99,Learning & Educational Toys,,,,,,
Baby Toys,B07GW6DCFC,17.99,Learning & Educational Toys,,,,,,
Baby Toys,B06XBJJRW1,29.99,Learning & Educational Toys,,,,,,
Baby Toys,B01MZ4MQRC,17.97,Learning & Educational Toys,,,,,,
Baby Toys,B000296LPW,26.91,Learning & Educational Toys,,,,,,
Baby Toys,B00008BFZH,39.19,Learning & Educational Toys,,,,,,
Baby Toys,B077XCN1FD,44.99,Learning & Educational Toys,,,,,,
Baby Toys,B01MTGKZ1L,49.98,Learning & Educational Toys,,,,,,
Baby Toys,B07JN89LLJ,26.96,Learning & Educational Toys,,,,,,
Baby Toys,B01AXAMOU0,28.59,Learning & Educational Toys,,,,,,
Baby Toys,B003DKKKTK,36.23,Learning & Educational Toys,,,,,,
Baby Toys,B01D2TC6HU,22.97,Learning & Educational Toys,,,,,,
Baby Toys,B00AE9RJ6A,23,Learning & Educational Toys,,,,,,
Baby Toys,B07HGVVP86,38.99,Learning & Educational Toys,,,,,,
Baby Toys,B075NZS1LJ,46.99,Learning & Educational Toys,,,,,,
Baby Toys,B0756FQ8ZG,18.99,Learning & Educational Toys,,,,,,
Baby Toys,B000P9WBLM,17,Learning & Educational Toys,,,,,,
Baby Toys,B004DJ51WQ,39.99,Learning & Educational Toys,,,,,,
Baby Toys,B07KFCL629,23.99,Learning & Educational Toys,,,,,,
,,,,,,,,,
,,,,,,,,,
Puzzles,B07BBYMGZ7,19.9,Kids Puzzles,,,,,,
Puzzles,B075WWMM3Y,18.99,Kids Puzzles,,,,,,
Puzzles,B079MH7B6D,19.9,Kids Puzzles,,,,,,
Puzzles,B07P545L7W,49.99,Kids Puzzles,,,,,,
Puzzles,B0033UWN68,14.99,Kids Puzzles,,,,,,
Puzzles,B01CILGRZA,16.89,Kids Puzzles,,,,,,
Puzzles,B0026ZPT6W,12.95,Kids Puzzles,,,,,,
Puzzles,B00L5LEUOU,8.99,Kids Puzzles,,,,,,
Puzzles,B0033UWNDQ,12.95,Kids Puzzles,,,,,,
Puzzles,B000P9WBLM,17,Kids Puzzles,,,,,,
Puzzles,B000NYPDIC,14.99,Kids Puzzles,,,,,,
Puzzles,B001628LSE,17,Kids Puzzles,,,,,,
Puzzles,B00KAAF0X2,13.99,Kids Puzzles,,,,,,
Puzzles,B00272N8HG,9.99,Kids Puzzles,,,,,,
Puzzles,B00SQ6A5Z0,14.99,Kids Puzzles,,,,,,
Puzzles,B00122TLGO,18,Kids Puzzles,,,,,,
Puzzles,B01B8L29X0,15,Kids Puzzles,,,,,,
Puzzles,B0026ZPTXU,12.99,Kids Puzzles,,,,,,
Puzzles,B00SQ6A456,14,Kids Puzzles,,,,,,
Puzzles,B00BTXFYOO,12.99,Kids Puzzles,,,,,,
Puzzles,B06ZY1R7CC,15.99,Kids Puzzles,,,,,,
Puzzles,B009IQ6L96,9.95,Kids Puzzles,,,,,,
Puzzles,B00OBPLLAS,23.21,Kids Puzzles,,,,,,
Puzzles,B07KF7SQXY,20.99,Kids Puzzles,,,,,,
Puzzles,B071LJHZKG,49.99,Kids Puzzles,,,,,,
Puzzles,B00OZZNF3U,37.12,Kids Puzzles,,,,,,
Puzzles,B000REP3E2,15.99,Kids Puzzles,,,,,,
Puzzles,B004RE411O,6.99,Kids Puzzles,,,,,,
Puzzles,B0006O7ZQM,17,Kids Puzzles,,,,,,
Puzzles,B00272N8TO,14.99,Kids Puzzles,,,,,,
Puzzles,B0021VSEY0,25.28,Kids Puzzles,,,,,,
Puzzles,B06XBJ1MBJ,14.99,Kids Puzzles,,,,,,
Puzzles,B071R6CRVB,15.99,Kids Puzzles,,,,,,
Puzzles,B00272N8T4,14.99,Kids Puzzles,,,,,,
Puzzles,B06WWRDBLG,38.99,Kids Puzzles,,,,,,
Puzzles,B001EY72Y8,19,Kids Puzzles,,,,,,
Puzzles,B00HR3A7LK,22.99,Kids Puzzles,,,,,,
Puzzles,B01E9HN5HO,15.99,Kids Puzzles,,,,,,
Puzzles,B071QWD888,15.99,Kids Puzzles,,,,,,
Puzzles,B00HR3AAGW,17,Kids Puzzles,,,,,,
Puzzles,B00SP6C1CQ,16.71,Kids Puzzles,,,,,,
Puzzles,B07M7S8M6W,23.99,Kids Puzzles,,,,,,
Puzzles,B06XBK3BRW,16.99,Kids Puzzles,,,,,,
Puzzles,B0016288MI,14,Kids Puzzles,,,,,,
Puzzles,B01846BL72,15,Kids Puzzles,,,,,,
Puzzles,B000BYNTYY,17.51,Kids Puzzles,,,,,,
Puzzles,B01N9JXEHF,29.34,Kids Puzzles,,,,,,
Puzzles,B06XBK3CYC,17.99,Kids Puzzles,,,,,,
Puzzles,B00004R8LX,30.27,Kids Puzzles,,,,,,
Puzzles,B079VWSTY9,19.9,Kids Puzzles,,,,,,
Puzzles,B0771JKR69,12.88,Kids Puzzles,,,,,,
Puzzles,B07313HGT1,15.55,Kids Puzzles,,,,,,
Puzzles,B07DMF4628,17.99,Kids Puzzles,,,,,,
Puzzles,B004RE2AQC,6.99,Kids Puzzles,,,,,,
Puzzles,B017SCJ2W4,16.99,Kids Puzzles,,,,,,
Puzzles,B01M9DJ4UV,12.9,Kids Puzzles,,,,,,
Puzzles,B00GRV5JNY,25.77,Kids Puzzles,,,,,,
Puzzles,B01MU1784A,15.59,Kids Puzzles,,,,,,
Puzzles,B0073BVIE6,14.95,Kids Puzzles,,,,,,
Puzzles,B00TEBVLM2,21.32,Kids Puzzles,,,,,,
Puzzles,B00QTNWLRM,29.73,Kids Puzzles,,,,,,
Puzzles,B01MZ3Y8JV,37.9,Kids Puzzles,,,,,,
Puzzles,B00C3S7MS0,17,Kids Puzzles,,,,,,
Puzzles,B0019RH5P6,18.4,Kids Puzzles,,,,,,
Puzzles,B0026ZPSXG,14.95,Kids Puzzles,,,,,,
Puzzles,B00004NKKN,19.95,Kids Puzzles,,,,,,
Puzzles,B0032W1M8M,14,Kids Puzzles,,,,,,
Puzzles,B01IH3Y548,20.99,Kids Puzzles,,,,,,
Puzzles,B07H6HWYK9,18.99,Kids Puzzles,,,,,,
Puzzles,B00Q2YE21Q,27.4,Kids Puzzles,,,,,,
Puzzles,B06XBCQPKJ,16.99,Kids Puzzles,,,,,,
Puzzles,B0018MQGFC,14.99,Kids Puzzles,,,,,,
Puzzles,B00272N8IA,12.99,Kids Puzzles,,,,,,
Puzzles,B0026ZPSS6,14.95,Kids Puzzles,,,,,,
Puzzles,B000P9YAAM,19,Kids Puzzles,,,,,,
Puzzles,B0029QCNK8,16.99,Kids Puzzles,,,,,,
Puzzles,B0007P954U,14.99,Kids Puzzles,,,,,,
Puzzles,B000H9F16W,36.55,Kids Puzzles,,,,,,
Puzzles,B07GF9421C,15.99,Kids Puzzles,,,,,,
Puzzles,B073W5LXS6,12.99,Kids Puzzles,,,,,,
Puzzles,B001R1PTKW,17,Kids Puzzles,,,,,,
Puzzles,B077KY57NP,14.99,Kids Puzzles,,,,,,
Puzzles,B000EB7AJO,14.27,Kids Puzzles,,,,,,
Puzzles,B004I8VMAW,17,Kids Puzzles,,,,,,
Puzzles,B07GP1LDPF,19.99,Kids Puzzles,,,,,,
Puzzles,B001R1RRC0,17,Kids Puzzles,,,,,,
Puzzles,B00BTXG1J6,12.99,Kids Puzzles,,,,,,
Puzzles,B01M3X2H7G,16.99,Kids Puzzles,,,,,,
,,,,,,,,,
Bread Makers,B07684XDM9,84.99,Bread Makers,,,,,,
Bread Makers,B00067REBU,79.96,Bread Makers,,,,,,
,,,,,,,,,
Label Makers,B01BD6DRI6,52.15,Label Makers,,,,,,
Label Makers,B007Z7MEAA,19.99,Label Makers,,,,,,
Label Makers,B01GQHHYFE,19.99,Label Makers,,,,,,
Label Makers,B01J3WQ360,28,Label Makers,,,,,,
Label Makers,B00TKR7YY4,80.99,Label Makers,,,,,,
Label Makers,B005TJMC0S,101.37,Label Makers,,,,,,
Label Makers,B00TKR82CW,94.99,Label Makers,,,,,,
Label Makers,B005X9VZ70,31.23,Label Makers,,,,,,
Label Makers,B013DG2FNW,49.49,Label Makers,,,,,,
Label Makers,B00QAQ563O,79.99,Label Makers,,,,,,
Label Makers,B0146SDE0Y,134.99,Label Makers,,,,,,
Label Makers,B001B1FIW2,39.99,Label Makers,,,,,,
Label Makers,B002QKCLF4,49.99,Label Makers,,,,,,
Label Makers,B009NVTE5E,50.81,Label Makers,,,,,,
Label Makers,B00V8KRS6U,43.08,Label Makers,,,,,,
Label Makers,B01762CNRM,48.37,Label Makers,,,,,,
Label Makers,B000II09IM,36.33,Label Makers,,,,,,
Label Makers,B001R53NOW,44.81,Label Makers,,,,,,
Label Makers,B00DSYEB28,74.99,Label Makers,,,,,,
Label Makers,B007OXW496,13.94,Label Makers,,,,,,
Label Makers,B001DY5CAU,34.89,Label Makers,,,,,,
Label Makers,B007JXJEOO,56.07,Label Makers,,,,,,
Label Makers,B000AN9I7I,43.09,Label Makers,,,,,,
Label Makers,B0000AQOD3,24.4,Label Makers,,,,,,
Label Makers,B00BTKXPYI,82.99,Label Makers,,,,,,
Label Makers,B0002T470S,89.99,Label Makers,,,,,,
Label Makers,B01BD6DROK,53.19,Label Makers,,,,,,
Label Makers,B00LV8QI9M,90.69,Label Makers,,,,,,
Label Makers,B00JHME7W4,159.99,Label Makers,,,,,,
,,,,,,,,,
Camera,B01N2MUU3T,48,Point and Shoot Cameras,,,,,,
Camera,B0734PL1K4,50.98,Point and Shoot Cameras,,,,,,
Camera,B07DPJL2DW,51.48,Point and Shoot Cameras,,,,,,
Camera,B00DFYVH1Y,63.74,Point and Shoot Cameras,,,,,,
Camera,B07KQS67GB,52.87,Point and Shoot Cameras,,,,,,
Camera,B01NA7WJ1G,45.99,Point and Shoot Cameras,,,,,,
Camera,B003YKOWU2,32.43,Point and Shoot Cameras,,,,,,
Camera,B0094AYU08,70.91,Point and Shoot Cameras,,,,,,
Camera,B004E2A3S4,51.79,Point and Shoot Cameras,,,,,,
Camera,B002RSJF1S,35.26,Point and Shoot Cameras,,,,,,
Camera,B00E837V0M,55.99,Point and Shoot Cameras,,,,,,
,,,,,,,,,
,B07H152XLY,120.79,DSLR Kits,,,,,,
,B00SJ06GG0,28.99,DSLR Kits,,,,,,
,B00MHGOGUK,16.49,DSLR Kits,,,,,,
,B00K8MTQGY,26.99,DSLR Kits,,,,,,
,B075BGY52K,79.99,DSLR Kits,,,,,,
,B01M0UDQ88,21.89,DSLR Kits,,,,,,
,B00CHHJQ0O,13.99,DSLR Kits,,,,,,
,B01J8VOG0Q,12.28,DSLR Kits,,,,,,
,B01B0TX6UA,19.99,DSLR Kits,,,,,,
,B00KYN1KK2,29.99,DSLR Kits,,,,,,
,B071ZH7LFX,28.99,DSLR Kits,,,,,,
,B075DH469P,29.99,DSLR Kits,,,,,,
,B06Y249F5Y,25.99,DSLR Kits,,,,,,
,B00K8MTPEW,26.99,DSLR Kits,,,,,,
,B073WQ4699,26.99,DSLR Kits,,,,,,
,,,,,,,,,
,B06WW64YM6,79.99,Instant Cameras,,,,,,
,B00TGOWK3Q,139.99,Instant Cameras,,,,,,
,B06WWL4JD8,83.98,Instant Cameras,,,,,,
,B06WWLJ7KY,89.99,Instant Cameras,,,,,,
,B06WWBTB3G,84.62,Instant Cameras,,,,,,
,B06X9C2696,79.99,Instant Cameras,,,,,,
,B07NLK5L32,89.99,Instant Cameras,,,,,,
,B07NLJXRY7,89.99,Instant Cameras,,,,,,
,B078HHBKZC,139.99,Instant Cameras,,,,,,
,B00TLZGJOQ,69.47,Instant Cameras,,,,,,
,B00AWKJPOK,69.99,Instant Cameras,,,,,,
,B078HL54YN,139.99,Instant Cameras,,,,,,
,B015JIA97Q,159.99,Instant Cameras,,,,,,
,B078HHBBZV,139.99,Instant Cameras,,,,,,
,B015R3WUH0,104.99,Instant Cameras,,,,,,
,B07BB5V3HR,96.99,Instant Cameras,,,,,,
,B075WXBGP6,96.99,Instant Cameras,,,,,,
,,,,,,,,,
,B07R4SNCPR,73.99,BB_29547 Camcorders,,,,,,
,B01N1SY8MN,85.93,BB_29547 Camcorders,,,,,,
,B07PS4TQ3G,69.99,BB_29547 Camcorders,,,,,,
,B07556SJP4,109.99,BB_29547 Camcorders,,,,,,
,B0171GDQT2,69.88,BB_29547 Camcorders,,,,,,
,B072FQRP45,49.99,BB_29547 Camcorders,,,,,,
,B07K7LGNPF,59.99,BB_29547 Camcorders,,,,,,
,B07KTXNNQY,99.99,BB_29547 Camcorders,,,,,,
,B075JFSZM9,109.99,BB_29547 Camcorders,,,,,,
,B0772MK25N,69.99,BB_29547 Camcorders,,,,,,
,B07NVBDXC3,89.99,BB_29547 Camcorders,,,,,,
,B07H5798YT,69.99,BB_29547 Camcorders,,,,,,
,B07D6J5DKG,79.99,BB_29547 Camcorders,,,,,,
,B07NY61YDX,79.99,BB_29547 Camcorders,,,,,,
,B07P1RWWRL,79.99,BB_29547 Camcorders,,,,,,
,B07K8K56NJ,84.99,BB_29547 Camcorders,,,,,,
,B00REMFU1Q,57.99,BB_29547 Camcorders,,,,,,
,B07JNV6SPQ,163.99,BB_29547 Camcorders,,,,,,
,B01LYSM20Z,84.99,BB_29547 Camcorders,,,,,,
,B07JP5KDFB,47.99,BB_29547 Camcorders,,,,,,
,B07K1HB7V3,79.99,BB_29547 Camcorders,,,,,,
,B07G2F5YXX,84.99,BB_29547 Camcorders,,,,,,
,B07DL3MFVZ,75.99,BB_29547 Camcorders,,,,,,
,B01LEH25W8,65.99,BB_29547 Camcorders,,,,,,
,B07HRB527V,69.99,BB_29547 Camcorders,,,,,,
,B07KQSZ211,59.99,BB_29547 Camcorders,,,,,,
,B07JMRYCQ9,59.99,BB_29547 Camcorders,,,,,,
,B01ICZL9SG,15.99,BB_29547 Camcorders,,,,,,
,B01KPR30YU,25.99,BB_29547 Camcorders,,,,,,
,B074M5XHRW,71.88,BB_29547 Camcorders,,,,,,
,B017VX4Z9U,69.99,BB_29547 Camcorders,,,,,,
,B01LZRV8AC,84.99,BB_29547 Camcorders,,,,,,
,B01NAQ4CPK,70.88,BB_29547 Camcorders,,,,,,
,B07LF8QBHG,89.97,BB_29547 Camcorders,,,,,,
,B07HL7G65Y,49.98,BB_29547 Camcorders,,,,,,
,B07DL2RNKC,38.78,BB_29547 Camcorders,,,,,,
,B07KG85XLM,109.99,BB_29547 Camcorders,,,,,,
,B0722HKTMM,35.99,BB_29547 Camcorders,,,,,,
,B06WV87CL3,59.95,BB_29547 Camcorders,,,,,,
,B07HGYRL4R,69.99,BB_29547 Camcorders,,,,,,
,,,,,,,,,
,B07GR4HTWL,9.99,Camera Straps,,,,,,
,B00ZH2PFTM,79.95,Camera Straps,,,,,,
,B01NASPXSR,23.99,Camera Straps,,,,,,
,B071K6H4NG,24.88,Camera Straps,,,,,,
,B0781SFYT3,64.95,Camera Straps,,,,,,
,B07258TNZD,49.95,Camera Straps,,,,,,
,B0194X71JQ,11.99,Camera Straps,,,,,,
,B016XOVPK0,13.99,Camera Straps,,,,,,
,B07GR2S3P2,9.99,Camera Straps,,,,,,
,B01M2X8IS4,19.99,Camera Straps,,,,,,
,B015CZ6DO4,64.95,Camera Straps,,,,,,
,B01G3TI058,13.99,Camera Straps,,,,,,
,B07FK4HQF3,14.59,Camera Straps,,,,,,
,B00WSBIDA8,11.99,Camera Straps,,,,,,
,B074LG3872,13.99,Camera Straps,,,,,,
,B01EUWUNO6,14.99,Camera Straps,,,,,,
,B07193B7TL,39.95,Camera Straps,,,,,,
,B07JJT9ZQH,21.23,Camera Straps,,,,,,
,B07GD8HH98,10.99,Camera Straps,,,,,,
,B01LEBV87M,14.99,Camera Straps,,,,,,
,B07DKHLJ14,14.99,Camera Straps,,,,,,
,B07H1YZ5X7,7.99,Camera Straps,,,,,,
,B0741G4S9P,49.95,Camera Straps,,,,,,
,B074KGF4D1,12.79,Camera Straps,,,,,,
,B010DNJ9P0,24.99,Camera Straps,,,,,,
,B076785GZ6,12.99,Camera Straps,,,,,,
,B074K9ZR1J,17.29,Camera Straps,,,,,,
,B00CFHBBUE,9.62,Camera Straps,,,,,,
,B00WSBIL6O,11.99,Camera Straps,,,,,,
,B00CFHBBDG,10.52,Camera Straps,,,,,,
,B07JK6P144,21.23,Camera Straps,,,,,,
,B01H4ZN3PW,19.99,Camera Straps,,,,,,
,B013HEL8WY,29.95,Camera Straps,,,,,,
,B06XWCB24V,9.99,Camera Straps,,,,,,
,B01MXY73GK,12.99,Camera Straps,,,,,,
,B079QJZFWT,29.99,Camera Straps,,,,,,
,B01J0RWIV2,11.99,Camera Straps,,,,,,
,B078QPCSLK,39.99,Camera Straps,,,,,,
,B073W8R2WH,22.99,Camera Straps,,,,,,
,B071KPGRZH,46,Camera Straps,,,,,,
,B074KHWQH5,21.98,Camera Straps,,,,,,
,B07F7WFZTB,9.55,Camera Straps,,,,,,
,B06ZZRW8BL,23.59,Camera Straps,,,,,,
,B078841LWD,14.43,Camera Straps,,,,,,
,B076KNFQH5,8.99,Camera Straps,,,,,,
,B07GRR4L6K,9.99,Camera Straps,,,,,,
,B01H4ZGR5A,12.65,Camera Straps,,,,,,
,,,,,,,,,
,B0792VQVFD,29.99,Tripods,,,,,,
,B073GW4ZWM,30.99,Tripods,,,,,,
,B005KP473Q,50.39,Tripods,,,,,,
,B07GRPQ732,31.99,Tripods,,,,,,
,B015CGRREI,101.99,Tripods,,,,,,
,B018LEUWTU,26.99,Tripods,,,,,,
,B00XI87KV8,20.71,Tripods,,,,,,
,B01N6JCW8F,69.49,Tripods,,,,,,
,B01MT1KF0F,52.49,Tripods,,,,,,
,B07N67D14D,105.99,Tripods,,,,,,
,B00D76RNLS,26.47,Tripods,,,,,,
,B0748D4HGY,34.99,Tripods,,,,,,
,B073N9687P,29.98,Tripods,,,,,,
,B07F2LCBSP,54.99,Tripods,,,,,,
,B01DK7RI4K,16.99,Tripods,,,,,,
,B07Q7295BH,19.99,Tripods,,,,,,
,B06XKXCTSN,57.49,Tripods,,,,,,
,B07J5GCFL7,65.99,Tripods,,,,,,
,B073WCL4NS,61.99,Tripods,,,,,,
,B00WO65Z6C,19.98,Tripods,,,,,,
,B07M8KTVGR,79.09,Tripods,,,,,,
,B07837W5NX,20.98,Tripods,,,,,,
,B019RT2D90,101.29,Tripods,,,,,,
,B001FSJHHI,61,Tripods,,,,,,
,B07PJ7X9NL,23.99,Tripods,,,,,,
,B07JC3QSYJ,32.99,Tripods,,,,,,
,B004EIL4R2,69,Tripods,,,,,,
,B07L88QKK8,79.99,Tripods,,,,,,
,B07DZYB5WW,41.99,Tripods,,,,,,
,B077PNS1L1,28.99,Tripods,,,,,,
,B00M78G2VO,9.27,Tripods,,,,,,
,B00L6CBKAK,94.43,Tripods,,,,,,
,B07C4RWVPG,119.99,Tripods,,,,,,
,B07GYB44RD,129,Tripods,,,,,,
,B071ZFFWFP,56.7,Tripods,,,,,,
,B072PT7PQR,101.99,Tripods,,,,,,
,B0742BBTPD,69.99,Tripods,,,,,,
,B00NSEKEMO,135.99,Tripods,,,,,,
,B00WWNFRD8,75.99,Tripods,,,,,,
,B00L6F16L0,79.99,Tripods,,,,,,
,B017NA7V1U,19.99,Tripods,,,,,,
,B0149KBPB4,63.14,Tripods,,,,,,
,B0797SX6JK,96,Tripods,,,,,,
,B07C8148QW,69.99,Tripods,,,,,,
